	f1-score	precision	recall	support
1.0	0.9966193373901284	0.995945945945946	0.9972936400541272	739.0
2.0	0.9895833333333334	0.9943639291465378	0.9848484848484849	1254.0
3.0	0.965742251223491	0.9779735682819384	0.9538131041890441	931.0
4.0	0.9872354719516292	0.9822860962566845	0.9922349763673194	2962.0
5.0	0.9926806953339433	0.9908675799086758	0.9945004582951421	1091.0
accuracy	0.9866704887487459	0.9866704887487459	0.9866704887487459	0.9866704887487459
macro avg	0.986372217846505	0.9882874239079564	0.9845381327508236	6977.0
weighted avg	0.9866348477498111	0.9866701677034488	0.9866704887487459	6977.0
