	f1-score	precision	recall	support
1.0	0.9460154241645244	0.9008567931456548	0.9959404600811907	739.0
2.0	0.9047824213700991	0.9840674789128397	0.8373205741626795	1254.0
3.0	0.9352972119936875	0.9164948453608247	0.9548872180451128	931.0
4.0	0.9576344457893827	0.9815668202764977	0.9348413234301148	2962.0
5.0	0.9051399916422901	0.8317972350230415	0.9926672777268561	1091.0
accuracy	0.9355023649132865	0.9355023649132865	0.9355023649132865	0.9355023649132865
macro avg	0.9297738989919969	0.9229566345437717	0.9431313706891908	6977.0
weighted avg	0.9357152384308014	0.9413647978775107	0.9355023649132865	6977.0
