	f1-score	precision	recall	support
1.0	0.9993229519295871	1.0	0.9986468200270636	739.0
2.0	0.9968025579536371	0.999198717948718	0.9944178628389154	1254.0
3.0	0.9773218142548596	0.9826275787187839	0.9720730397422127	931.0
4.0	0.9915739804516347	0.9899057873485868	0.9932478055367995	2962.0
5.0	0.9931475559616263	0.9899817850637522	0.9963336388634281	1091.0
accuracy	0.9916869714777125	0.9916869714777125	0.9916869714777125	0.9916869714777125
macro avg	0.9916337721102689	0.9923427738159681	0.9909438334016839	6977.0
weighted avg	0.9916787719468219	0.9916859019243153	0.9916869714777125	6977.0
