	f1-score	precision	recall	support
1.0	1.0	1.0	1.0	314.0
2.0	0.974910394265233	1.0	0.951048951048951	143.0
3.0	1.0	1.0	1.0	8.0
4.0	0.977667493796526	0.9752475247524752	0.9800995024875622	201.0
5.0	0.9594594594594594	0.9403973509933775	0.9793103448275862	145.0
accuracy	0.9827373612823674	0.9827373612823674	0.9827373612823674	0.9827373612823674
macro avg	0.9824074695042437	0.9831289751491706	0.9820917596728199	811.0
weighted avg	0.9827928165901992	0.9832088389263715	0.9827373612823674	811.0
