	f1-score	precision	recall	support
1.0	0.0	0.0	0.0	248.0
2.0	0.77	1.0	0.6260162601626016	369.0
3.0	0.5228589826142949	0.3542757417102967	0.9975429975429976	407.0
4.0	0.0	0.0	0.0	439.0
5.0	0.4453870625662778	0.41749502982107356	0.4772727272727273	440.0
accuracy	0.44508670520231214	0.44508670520231214	0.44508670520231214	0.44508670520231214
macro avg	0.34764920903611457	0.35435415430627404	0.4201663969956654	1903.0
weighted avg	0.3641113575686707	0.36620496058715873	0.44508670520231214	1903.0
