	f1-score	precision	recall	support
1.0	0.997979797979798	1.0	0.9959677419354839	248.0
2.0	0.959212376933896	0.9970760233918129	0.924119241192412	369.0
3.0	0.9987730061349693	0.9975490196078431	1.0	407.0
4.0	0.9954545454545456	0.9931972789115646	0.9977220956719818	439.0
5.0	0.9701657458563535	0.9440860215053763	0.9977272727272727	440.0
accuracy	0.9837099316868103	0.9837099316868103	0.9837099316868103	0.9837099316868103
macro avg	0.9843170944719125	0.9863816686833194	0.9831072703054302	1903.0
weighted avg	0.9836187304865324	0.9844114337974323	0.9837099316868103	1903.0
