	f1-score	precision	recall	support
1.0	0.0	0.0	0.0	314.0
2.0	0.32389580973952437	0.19324324324324324	1.0	143.0
3.0	1.0	1.0	1.0	8.0
4.0	0.0099009900990099	1.0	0.004975124378109453	201.0
5.0	0.1348314606741573	0.36363636363636365	0.08275862068965517	145.0
accuracy	0.20221948212083848	0.20221948212083848	0.20221948212083848	0.20221948212083848
macro avg	0.2937256521025383	0.5113759213759214	0.417546749013553	811.0
weighted avg	0.0935360808882932	0.3567953841073447	0.20221948212083848	811.0
