	f1-score	precision	recall	support
1.0	0.0	0.0	0.0	314.0
2.0	0.29979035639412993	0.17632552404438964	1.0	143.0
3.0	0.0	0.0	0.0	8.0
4.0	0.0	0.0	0.0	201.0
5.0	0.0	0.0	0.0	145.0
accuracy	0.17632552404438964	0.17632552404438964	0.17632552404438964	0.17632552404438964
macro avg	0.059958071278825985	0.03526510480887793	0.2	811.0
weighted avg	0.05286069169464929	0.031090690429528632	0.17632552404438964	811.0
