	f1-score	precision	recall	support
1.0	0.9920424403183024	0.9894179894179894	0.9946808510638298	188.0
2.0	0.8786610878661087	0.7852564102564102	0.9972862957937585	737.0
3.0	0.870712401055409	0.7770800627943485	0.99	500.0
4.0	0.9478820137502773	0.9976657329598506	0.9028305872412337	2367.0
5.0	0.8650602409638555	1.0	0.7622080679405521	471.0
accuracy	0.9178981937602627	0.9178981937602627	0.9178981937602627	0.9178981937602627
macro avg	0.9108716367907906	0.9098840390857198	0.9294011604078747	4263.0
weighted avg	0.9196606852230235	0.9349658404134875	0.9178981937602627	4263.0
