	f1-score	precision	recall	support
1.0	0.9973333333333333	1.0	0.9946808510638298	188.0
2.0	0.9965963240299525	1.0	0.9932157394843962	737.0
3.0	0.9613034623217922	0.979253112033195	0.944	500.0
4.0	0.9909568874868558	0.9865996649916248	0.9953527672158851	2367.0
5.0	0.9947089947089948	0.9915611814345991	0.9978768577494692	471.0
accuracy	0.9892094768942059	0.9892094768942059	0.9892094768942059	0.9892094768942059
macro avg	0.9881798003761857	0.9914827916918838	0.985025243102716	4263.0
weighted avg	0.9891496077473522	0.9891938258286347	0.9892094768942059	4263.0
