	f1-score	precision	recall	support
1.0	0.8745519713261649	1.0	0.7770700636942676	314.0
2.0	0.6845965770171148	0.5263157894736842	0.9790209790209791	143.0
3.0	0.18390804597701146	0.10126582278481013	1.0	8.0
4.0	0.6698564593301436	0.6451612903225806	0.6965174129353234	201.0
5.0	0.05333333333333333	0.8	0.027586206896551724	145.0
accuracy	0.6609124537607891	0.6609124537607891	0.6609124537607891	0.6609124537607891
macro avg	0.4932492773967536	0.614548580516215	0.6960389325094243	811.0
weighted avg	0.6366860364196936	0.7839096224807078	0.6609124537607891	811.0
